province,municipality,barangay,population,households,source,source_url,year
Southern Leyte,Anahawan,Amagusan,610,,PhilAtlas page parsed from 2020 Census table,https://www.philatlas.com/visayas/r08/southern-leyte/anahawan.html,2020
Southern Leyte,Anahawan,Calintaan,492,,PhilAtlas page parsed from 2020 Census table,https://www.philatlas.com/visayas/r08/southern-leyte/anahawan.html,2020
Southern Leyte,Anahawan,Canlabian,452,,PhilAtlas page parsed from 2020 Census table,https://www.philatlas.com/visayas/r08/southern-leyte/anahawan.html,2020
Southern Leyte,Anahawan,Capacuhan,232,,PhilAtlas page parsed from 2020 Census table,https://www.philatlas.com/visayas/r08/southern-leyte/anahawan.html,2020
Southern Leyte,Anahawan,Cogon,424,,PhilAtlas page parsed from 2020 Census table,https://www.philatlas.com/visayas/r08/southern-leyte/anahawan.html,2020
Southern Leyte,Anahawan,Kagingkingan,266,,PhilAtlas page parsed from 2020 Census table,https://www.philatlas.com/visayas/r08/southern-leyte/anahawan.html,2020
Southern Leyte,Anahawan,Lewing,505,,PhilAtlas page parsed from 2020 Census table,https://www.philatlas.com/visayas/r08/southern-leyte/anahawan.html,2020
Southern Leyte,Anahawan,Lo-ok,975,,PhilAtlas page parsed from 2020 Census table,https://www.philatlas.com/visayas/r08/southern-leyte/anahawan.html,2020
Southern Leyte,Anahawan,Mahalo,831,,PhilAtlas page parsed from 2020 Census table,https://www.philatlas.com/visayas/r08/southern-leyte/anahawan.html,2020
Southern Leyte,Anahawan,Mainit,212,,PhilAtlas page parsed from 2020 Census table,https://www.philatlas.com/visayas/r08/southern-leyte/anahawan.html,2020
Southern Leyte,Anahawan,Manigawong,178,,PhilAtlas page parsed from 2020 Census table,https://www.philatlas.com/visayas/r08/southern-leyte/anahawan.html,2020
Southern Leyte,Anahawan,Poblacion,1368,,PhilAtlas page parsed from 2020 Census table,https://www.philatlas.com/visayas/r08/southern-leyte/anahawan.html,2020
Southern Leyte,Anahawan,San Vicente,862,,PhilAtlas page parsed from 2020 Census table,https://www.philatlas.com/visayas/r08/southern-leyte/anahawan.html,2020
Southern Leyte,Anahawan,Tagup-on,1022,,PhilAtlas page parsed from 2020 Census table,https://www.philatlas.com/visayas/r08/southern-leyte/anahawan.html,2020
Southern Leyte,Bontoc,Anahao,328,,PhilAtlas page parsed from 2020 Census table,https://www.philatlas.com/visayas/r08/southern-leyte/bontoc.html,2020
Southern Leyte,Bontoc,Banahao,387,,PhilAtlas page parsed from 2020 Census table,https://www.philatlas.com/visayas/r08/southern-leyte/bontoc.html,2020
Southern Leyte,Bontoc,Baugo,513,,PhilAtlas page parsed from 2020 Census table,https://www.philatlas.com/visayas/r08/southern-leyte/bontoc.html,2020
Southern Leyte,Bontoc,Beniton,554,,PhilAtlas page parsed from 2020 Census table,https://www.philatlas.com/visayas/r08/southern-leyte/bontoc.html,2020
Southern Leyte,Bontoc,Buenavista,1376,,PhilAtlas page parsed from 2020 Census table,https://www.philatlas.com/visayas/r08/southern-leyte/bontoc.html,2020
Southern Leyte,Bontoc,Bunga,791,,PhilAtlas page parsed from 2020 Census table,https://www.philatlas.com/visayas/r08/southern-leyte/bontoc.html,2020
Southern Leyte,Bontoc,Casao,751,,PhilAtlas page parsed from 2020 Census table,https://www.philatlas.com/visayas/r08/southern-leyte/bontoc.html,2020
Southern Leyte,Bontoc,Catmon,345,,PhilAtlas page parsed from 2020 Census table,https://www.philatlas.com/visayas/r08/southern-leyte/bontoc.html,2020
Southern Leyte,Bontoc,Catoogan,291,,PhilAtlas page parsed from 2020 Census table,https://www.philatlas.com/visayas/r08/southern-leyte/bontoc.html,2020
Southern Leyte,Bontoc,Cawayanan,546,,PhilAtlas page parsed from 2020 Census table,https://www.philatlas.com/visayas/r08/southern-leyte/bontoc.html,2020
Southern Leyte,Bontoc,Dao,299,,PhilAtlas page parsed from 2020 Census table,https://www.philatlas.com/visayas/r08/southern-leyte/bontoc.html,2020
Southern Leyte,Bontoc,Divisoria,1996,,PhilAtlas page parsed from 2020 Census table,https://www.philatlas.com/visayas/r08/southern-leyte/bontoc.html,2020
Southern Leyte,Bontoc,Esperanza,753,,PhilAtlas page parsed from 2020 Census table,https://www.philatlas.com/visayas/r08/southern-leyte/bontoc.html,2020
Southern Leyte,Bontoc,Guinsangaan,735,,PhilAtlas page parsed from 2020 Census table,https://www.philatlas.com/visayas/r08/southern-leyte/bontoc.html,2020
Southern Leyte,Bontoc,Hibagwan,385,,PhilAtlas page parsed from 2020 Census table,https://www.philatlas.com/visayas/r08/southern-leyte/bontoc.html,2020
Southern Leyte,Bontoc,Hilaan,1441,,PhilAtlas page parsed from 2020 Census table,https://www.philatlas.com/visayas/r08/southern-leyte/bontoc.html,2020
Southern Leyte,Bontoc,Himakilo,355,,PhilAtlas page parsed from 2020 Census table,https://www.philatlas.com/visayas/r08/southern-leyte/bontoc.html,2020
Southern Leyte,Bontoc,Hitawos,422,,PhilAtlas page parsed from 2020 Census table,https://www.philatlas.com/visayas/r08/southern-leyte/bontoc.html,2020
Southern Leyte,Bontoc,Lanao,177,,PhilAtlas page parsed from 2020 Census table,https://www.philatlas.com/visayas/r08/southern-leyte/bontoc.html,2020
Southern Leyte,Bontoc,Lawgawan,111,,PhilAtlas page parsed from 2020 Census table,https://www.philatlas.com/visayas/r08/southern-leyte/bontoc.html,2020
Southern Leyte,Bontoc,Mahayahay,1251,,PhilAtlas page parsed from 2020 Census table,https://www.philatlas.com/visayas/r08/southern-leyte/bontoc.html,2020
Southern Leyte,Bontoc,Malbago,708,,PhilAtlas page parsed from 2020 Census table,https://www.philatlas.com/visayas/r08/southern-leyte/bontoc.html,2020
Southern Leyte,Bontoc,Mauylab,587,,PhilAtlas page parsed from 2020 Census table,https://www.philatlas.com/visayas/r08/southern-leyte/bontoc.html,2020
Southern Leyte,Bontoc,Olisihan,112,,PhilAtlas page parsed from 2020 Census table,https://www.philatlas.com/visayas/r08/southern-leyte/bontoc.html,2020
Southern Leyte,Bontoc,Paku,1157,,PhilAtlas page parsed from 2020 Census table,https://www.philatlas.com/visayas/r08/southern-leyte/bontoc.html,2020
Southern Leyte,Bontoc,Pamahawan,368,,PhilAtlas page parsed from 2020 Census table,https://www.philatlas.com/visayas/r08/southern-leyte/bontoc.html,2020
Southern Leyte,Bontoc,Pamigsian,424,,PhilAtlas page parsed from 2020 Census table,https://www.philatlas.com/visayas/r08/southern-leyte/bontoc.html,2020
Southern Leyte,Bontoc,Pangi,447,,PhilAtlas page parsed from 2020 Census table,https://www.philatlas.com/visayas/r08/southern-leyte/bontoc.html,2020
Southern Leyte,Bontoc,Poblacion,1151,,PhilAtlas page parsed from 2020 Census table,https://www.philatlas.com/visayas/r08/southern-leyte/bontoc.html,2020
Southern Leyte,Bontoc,Pong-on,398,,PhilAtlas page parsed from 2020 Census table,https://www.philatlas.com/visayas/r08/southern-leyte/bontoc.html,2020
Southern Leyte,Bontoc,Sampongon,708,,PhilAtlas page parsed from 2020 Census table,https://www.philatlas.com/visayas/r08/southern-leyte/bontoc.html,2020
Southern Leyte,Bontoc,San Ramon,1270,,PhilAtlas page parsed from 2020 Census table,https://www.philatlas.com/visayas/r08/southern-leyte/bontoc.html,2020
Southern Leyte,Bontoc,San Vicente,931,,PhilAtlas page parsed from 2020 Census table,https://www.philatlas.com/visayas/r08/southern-leyte/bontoc.html,2020
Southern Leyte,Bontoc,Santa Cruz,1524,,PhilAtlas page parsed from 2020 Census table,https://www.philatlas.com/visayas/r08/southern-leyte/bontoc.html,2020
Southern Leyte,Bontoc,Santo Niño,1465,,PhilAtlas page parsed from 2020 Census table,https://www.philatlas.com/visayas/r08/southern-leyte/bontoc.html,2020
Southern Leyte,Bontoc,Taa,607,,PhilAtlas page parsed from 2020 Census table,https://www.philatlas.com/visayas/r08/southern-leyte/bontoc.html,2020
Southern Leyte,Bontoc,Talisay,1710,,PhilAtlas page parsed from 2020 Census table,https://www.philatlas.com/visayas/r08/southern-leyte/bontoc.html,2020
Southern Leyte,Bontoc,Taytagan,559,,PhilAtlas page parsed from 2020 Census table,https://www.philatlas.com/visayas/r08/southern-leyte/bontoc.html,2020
Southern Leyte,Bontoc,Tuburan,155,,PhilAtlas page parsed from 2020 Census table,https://www.philatlas.com/visayas/r08/southern-leyte/bontoc.html,2020
Southern Leyte,Bontoc,Union,1711,,PhilAtlas page parsed from 2020 Census table,https://www.philatlas.com/visayas/r08/southern-leyte/bontoc.html,2020
Southern Leyte,Hinunangan,Ambacon,615,,PhilAtlas page parsed from 2020 Census table,https://www.philatlas.com/visayas/r08/southern-leyte/hinunangan.html,2020
Southern Leyte,Hinunangan,Badiangon,681,,PhilAtlas page parsed from 2020 Census table,https://www.philatlas.com/visayas/r08/southern-leyte/hinunangan.html,2020
Southern Leyte,Hinunangan,Bangcas A,862,,PhilAtlas page parsed from 2020 Census table,https://www.philatlas.com/visayas/r08/southern-leyte/hinunangan.html,2020
Southern Leyte,Hinunangan,Bangcas B,913,,PhilAtlas page parsed from 2020 Census table,https://www.philatlas.com/visayas/r08/southern-leyte/hinunangan.html,2020
Southern Leyte,Hinunangan,Biasong,652,,PhilAtlas page parsed from 2020 Census table,https://www.philatlas.com/visayas/r08/southern-leyte/hinunangan.html,2020
Southern Leyte,Hinunangan,Bugho,1147,,PhilAtlas page parsed from 2020 Census table,https://www.philatlas.com/visayas/r08/southern-leyte/hinunangan.html,2020
Southern Leyte,Hinunangan,Calag-itan,1163,,PhilAtlas page parsed from 2020 Census table,https://www.philatlas.com/visayas/r08/southern-leyte/hinunangan.html,2020
Southern Leyte,Hinunangan,Calayugan,866,,PhilAtlas page parsed from 2020 Census table,https://www.philatlas.com/visayas/r08/southern-leyte/hinunangan.html,2020
Southern Leyte,Hinunangan,Calinao,218,,PhilAtlas page parsed from 2020 Census table,https://www.philatlas.com/visayas/r08/southern-leyte/hinunangan.html,2020
Southern Leyte,Hinunangan,Canipaan,1611,,PhilAtlas page parsed from 2020 Census table,https://www.philatlas.com/visayas/r08/southern-leyte/hinunangan.html,2020
Southern Leyte,Hinunangan,Catublian,1445,,PhilAtlas page parsed from 2020 Census table,https://www.philatlas.com/visayas/r08/southern-leyte/hinunangan.html,2020
Southern Leyte,Hinunangan,Ilaya,457,,PhilAtlas page parsed from 2020 Census table,https://www.philatlas.com/visayas/r08/southern-leyte/hinunangan.html,2020
Southern Leyte,Hinunangan,Ingan,937,,PhilAtlas page parsed from 2020 Census table,https://www.philatlas.com/visayas/r08/southern-leyte/hinunangan.html,2020
Southern Leyte,Hinunangan,Labrador,745,,PhilAtlas page parsed from 2020 Census table,https://www.philatlas.com/visayas/r08/southern-leyte/hinunangan.html,2020
Southern Leyte,Hinunangan,Libas,431,,PhilAtlas page parsed from 2020 Census table,https://www.philatlas.com/visayas/r08/southern-leyte/hinunangan.html,2020
Southern Leyte,Hinunangan,Lumbog,334,,PhilAtlas page parsed from 2020 Census table,https://www.philatlas.com/visayas/r08/southern-leyte/hinunangan.html,2020
Southern Leyte,Hinunangan,Manalog,781,,PhilAtlas page parsed from 2020 Census table,https://www.philatlas.com/visayas/r08/southern-leyte/hinunangan.html,2020
Southern Leyte,Hinunangan,Manlico,701,,PhilAtlas page parsed from 2020 Census table,https://www.philatlas.com/visayas/r08/southern-leyte/hinunangan.html,2020
Southern Leyte,Hinunangan,Matin-ao,551,,PhilAtlas page parsed from 2020 Census table,https://www.philatlas.com/visayas/r08/southern-leyte/hinunangan.html,2020
Southern Leyte,Hinunangan,Nava,1924,,PhilAtlas page parsed from 2020 Census table,https://www.philatlas.com/visayas/r08/southern-leyte/hinunangan.html,2020
Southern Leyte,Hinunangan,Nueva Esperanza,724,,PhilAtlas page parsed from 2020 Census table,https://www.philatlas.com/visayas/r08/southern-leyte/hinunangan.html,2020
Southern Leyte,Hinunangan,Otama,504,,PhilAtlas page parsed from 2020 Census table,https://www.philatlas.com/visayas/r08/southern-leyte/hinunangan.html,2020
Southern Leyte,Hinunangan,Palongpong,488,,PhilAtlas page parsed from 2020 Census table,https://www.philatlas.com/visayas/r08/southern-leyte/hinunangan.html,2020
Southern Leyte,Hinunangan,Panalaron,790,,PhilAtlas page parsed from 2020 Census table,https://www.philatlas.com/visayas/r08/southern-leyte/hinunangan.html,2020
Southern Leyte,Hinunangan,Patong,735,,PhilAtlas page parsed from 2020 Census table,https://www.philatlas.com/visayas/r08/southern-leyte/hinunangan.html,2020
Southern Leyte,Hinunangan,Poblacion,638,,PhilAtlas page parsed from 2020 Census table,https://www.philatlas.com/visayas/r08/southern-leyte/hinunangan.html,2020
Southern Leyte,Hinunangan,Pondol,989,,PhilAtlas page parsed from 2020 Census table,https://www.philatlas.com/visayas/r08/southern-leyte/hinunangan.html,2020
Southern Leyte,Hinunangan,Salog,368,,PhilAtlas page parsed from 2020 Census table,https://www.philatlas.com/visayas/r08/southern-leyte/hinunangan.html,2020
Southern Leyte,Hinunangan,Salvacion,483,,PhilAtlas page parsed from 2020 Census table,https://www.philatlas.com/visayas/r08/southern-leyte/hinunangan.html,2020
Southern Leyte,Hinunangan,San Pablo Island,445,,PhilAtlas page parsed from 2020 Census table,https://www.philatlas.com/visayas/r08/southern-leyte/hinunangan.html,2020
Southern Leyte,Hinunangan,San Pedro Island,459,,PhilAtlas page parsed from 2020 Census table,https://www.philatlas.com/visayas/r08/southern-leyte/hinunangan.html,2020
Southern Leyte,Hinunangan,Santo Niño I,513,,PhilAtlas page parsed from 2020 Census table,https://www.philatlas.com/visayas/r08/southern-leyte/hinunangan.html,2020
Southern Leyte,Hinunangan,Santo Niño II,1096,,PhilAtlas page parsed from 2020 Census table,https://www.philatlas.com/visayas/r08/southern-leyte/hinunangan.html,2020
Southern Leyte,Hinunangan,Tahusan,1080,,PhilAtlas page parsed from 2020 Census table,https://www.philatlas.com/visayas/r08/southern-leyte/hinunangan.html,2020
Southern Leyte,Hinunangan,Talisay,663,,PhilAtlas page parsed from 2020 Census table,https://www.philatlas.com/visayas/r08/southern-leyte/hinunangan.html,2020
Southern Leyte,Hinunangan,Tawog,594,,PhilAtlas page parsed from 2020 Census table,https://www.philatlas.com/visayas/r08/southern-leyte/hinunangan.html,2020
Southern Leyte,Hinunangan,Toptop,411,,PhilAtlas page parsed from 2020 Census table,https://www.philatlas.com/visayas/r08/southern-leyte/hinunangan.html,2020
Southern Leyte,Hinunangan,Tuburan,587,,PhilAtlas page parsed from 2020 Census table,https://www.philatlas.com/visayas/r08/southern-leyte/hinunangan.html,2020
Southern Leyte,Hinunangan,Union,404,,PhilAtlas page parsed from 2020 Census table,https://www.philatlas.com/visayas/r08/southern-leyte/hinunangan.html,2020
Southern Leyte,Hinunangan,Upper Bantawon,144,,PhilAtlas page parsed from 2020 Census table,https://www.philatlas.com/visayas/r08/southern-leyte/hinunangan.html,2020
Southern Leyte,Hinundayan,Amaga,281,,PhilAtlas page parsed from 2020 Census table,https://www.philatlas.com/visayas/r08/southern-leyte/hinundayan.html,2020
Southern Leyte,Hinundayan,Ambao,967,,PhilAtlas page parsed from 2020 Census table,https://www.philatlas.com/visayas/r08/southern-leyte/hinundayan.html,2020
Southern Leyte,Hinundayan,An-an,526,,PhilAtlas page parsed from 2020 Census table,https://www.philatlas.com/visayas/r08/southern-leyte/hinundayan.html,2020
Southern Leyte,Hinundayan,Baculod,1191,,PhilAtlas page parsed from 2020 Census table,https://www.philatlas.com/visayas/r08/southern-leyte/hinundayan.html,2020
Southern Leyte,Hinundayan,Biasong,753,,PhilAtlas page parsed from 2020 Census table,https://www.philatlas.com/visayas/r08/southern-leyte/hinundayan.html,2020
Southern Leyte,Hinundayan,Bugho,897,,PhilAtlas page parsed from 2020 Census table,https://www.philatlas.com/visayas/r08/southern-leyte/hinundayan.html,2020
Southern Leyte,Hinundayan,Cabulisan,313,,PhilAtlas page parsed from 2020 Census table,https://www.philatlas.com/visayas/r08/southern-leyte/hinundayan.html,2020
Southern Leyte,Hinundayan,Cat-iwing,585,,PhilAtlas page parsed from 2020 Census table,https://www.philatlas.com/visayas/r08/southern-leyte/hinundayan.html,2020
Southern Leyte,Hinundayan,District I,626,,PhilAtlas page parsed from 2020 Census table,https://www.philatlas.com/visayas/r08/southern-leyte/hinundayan.html,2020
Southern Leyte,Hinundayan,District II,826,,PhilAtlas page parsed from 2020 Census table,https://www.philatlas.com/visayas/r08/southern-leyte/hinundayan.html,2020
Southern Leyte,Hinundayan,District III,915,,PhilAtlas page parsed from 2020 Census table,https://www.philatlas.com/visayas/r08/southern-leyte/hinundayan.html,2020
Southern Leyte,Hinundayan,Hubasan,578,,PhilAtlas page parsed from 2020 Census table,https://www.philatlas.com/visayas/r08/southern-leyte/hinundayan.html,2020
Southern Leyte,Hinundayan,Lungsodaan,1247,,PhilAtlas page parsed from 2020 Census table,https://www.philatlas.com/visayas/r08/southern-leyte/hinundayan.html,2020
Southern Leyte,Hinundayan,Navalita,754,,PhilAtlas page parsed from 2020 Census table,https://www.philatlas.com/visayas/r08/southern-leyte/hinundayan.html,2020
Southern Leyte,Hinundayan,Plaridel,358,,PhilAtlas page parsed from 2020 Census table,https://www.philatlas.com/visayas/r08/southern-leyte/hinundayan.html,2020
Southern Leyte,Hinundayan,Sabang,674,,PhilAtlas page parsed from 2020 Census table,https://www.philatlas.com/visayas/r08/southern-leyte/hinundayan.html,2020
Southern Leyte,Hinundayan,Sagbok,907,,PhilAtlas page parsed from 2020 Census table,https://www.philatlas.com/visayas/r08/southern-leyte/hinundayan.html,2020
Southern Leyte,Libagon,Biasong,546,,PhilAtlas page parsed from 2020 Census table,https://www.philatlas.com/visayas/r08/southern-leyte/libagon.html,2020
Southern Leyte,Libagon,Bogasong,1065,,PhilAtlas page parsed from 2020 Census table,https://www.philatlas.com/visayas/r08/southern-leyte/libagon.html,2020
Southern Leyte,Libagon,Cawayan,947,,PhilAtlas page parsed from 2020 Census table,https://www.philatlas.com/visayas/r08/southern-leyte/libagon.html,2020
Southern Leyte,Libagon,Gakat,1218,,PhilAtlas page parsed from 2020 Census table,https://www.philatlas.com/visayas/r08/southern-leyte/libagon.html,2020
Southern Leyte,Libagon,Jubas,605,,PhilAtlas page parsed from 2020 Census table,https://www.philatlas.com/visayas/r08/southern-leyte/libagon.html,2020
Southern Leyte,Libagon,Magkasag,896,,PhilAtlas page parsed from 2020 Census table,https://www.philatlas.com/visayas/r08/southern-leyte/libagon.html,2020
Southern Leyte,Libagon,Mayuga,1209,,PhilAtlas page parsed from 2020 Census table,https://www.philatlas.com/visayas/r08/southern-leyte/libagon.html,2020
Southern Leyte,Libagon,Nahaong,1936,,PhilAtlas page parsed from 2020 Census table,https://www.philatlas.com/visayas/r08/southern-leyte/libagon.html,2020
Southern Leyte,Libagon,Nahulid,1725,,PhilAtlas page parsed from 2020 Census table,https://www.philatlas.com/visayas/r08/southern-leyte/libagon.html,2020
Southern Leyte,Libagon,Otikon,1224,,PhilAtlas page parsed from 2020 Census table,https://www.philatlas.com/visayas/r08/southern-leyte/libagon.html,2020
Southern Leyte,Libagon,Pangi,545,,PhilAtlas page parsed from 2020 Census table,https://www.philatlas.com/visayas/r08/southern-leyte/libagon.html,2020
Southern Leyte,Libagon,Punta,246,,PhilAtlas page parsed from 2020 Census table,https://www.philatlas.com/visayas/r08/southern-leyte/libagon.html,2020
Southern Leyte,Libagon,Talisay,1106,,PhilAtlas page parsed from 2020 Census table,https://www.philatlas.com/visayas/r08/southern-leyte/libagon.html,2020
Southern Leyte,Libagon,Tigbao,1976,,PhilAtlas page parsed from 2020 Census table,https://www.philatlas.com/visayas/r08/southern-leyte/libagon.html,2020
Southern Leyte,Liloan,Amaga,452,,PhilAtlas page parsed from 2020 Census table,https://www.philatlas.com/visayas/r08/southern-leyte/liloan.html,2020
Southern Leyte,Liloan,Anilao,1131,,PhilAtlas page parsed from 2020 Census table,https://www.philatlas.com/visayas/r08/southern-leyte/liloan.html,2020
Southern Leyte,Liloan,Bahay,486,,PhilAtlas page parsed from 2020 Census table,https://www.philatlas.com/visayas/r08/southern-leyte/liloan.html,2020
Southern Leyte,Liloan,Cagbungalon,640,,PhilAtlas page parsed from 2020 Census table,https://www.philatlas.com/visayas/r08/southern-leyte/liloan.html,2020
Southern Leyte,Liloan,Calian,951,,PhilAtlas page parsed from 2020 Census table,https://www.philatlas.com/visayas/r08/southern-leyte/liloan.html,2020
Southern Leyte,Liloan,Caligangan,1293,,PhilAtlas page parsed from 2020 Census table,https://www.philatlas.com/visayas/r08/southern-leyte/liloan.html,2020
Southern Leyte,Liloan,Candayuman,413,,PhilAtlas page parsed from 2020 Census table,https://www.philatlas.com/visayas/r08/southern-leyte/liloan.html,2020
Southern Leyte,Liloan,Catig,93,,PhilAtlas page parsed from 2020 Census table,https://www.philatlas.com/visayas/r08/southern-leyte/liloan.html,2020
Southern Leyte,Liloan,Estela,944,,PhilAtlas page parsed from 2020 Census table,https://www.philatlas.com/visayas/r08/southern-leyte/liloan.html,2020
Southern Leyte,Liloan,Fatima,939,,PhilAtlas page parsed from 2020 Census table,https://www.philatlas.com/visayas/r08/southern-leyte/liloan.html,2020
Southern Leyte,Liloan,Gud-an,365,,PhilAtlas page parsed from 2020 Census table,https://www.philatlas.com/visayas/r08/southern-leyte/liloan.html,2020
Southern Leyte,Liloan,Guintoylan,1113,,PhilAtlas page parsed from 2020 Census table,https://www.philatlas.com/visayas/r08/southern-leyte/liloan.html,2020
Southern Leyte,Liloan,Himayangan,2276,,PhilAtlas page parsed from 2020 Census table,https://www.philatlas.com/visayas/r08/southern-leyte/liloan.html,2020
Southern Leyte,Liloan,Ilag,1410,,PhilAtlas page parsed from 2020 Census table,https://www.philatlas.com/visayas/r08/southern-leyte/liloan.html,2020
Southern Leyte,Liloan,Magaupas,965,,PhilAtlas page parsed from 2020 Census table,https://www.philatlas.com/visayas/r08/southern-leyte/liloan.html,2020
Southern Leyte,Liloan,Malangsa,486,,PhilAtlas page parsed from 2020 Census table,https://www.philatlas.com/visayas/r08/southern-leyte/liloan.html,2020
Southern Leyte,Liloan,Molopolo,910,,PhilAtlas page parsed from 2020 Census table,https://www.philatlas.com/visayas/r08/southern-leyte/liloan.html,2020
Southern Leyte,Liloan,Pandan,756,,PhilAtlas page parsed from 2020 Census table,https://www.philatlas.com/visayas/r08/southern-leyte/liloan.html,2020
Southern Leyte,Liloan,Poblacion,3558,,PhilAtlas page parsed from 2020 Census table,https://www.philatlas.com/visayas/r08/southern-leyte/liloan.html,2020
Southern Leyte,Liloan,Pres. Quezon,810,,PhilAtlas page parsed from 2020 Census table,https://www.philatlas.com/visayas/r08/southern-leyte/liloan.html,2020
Southern Leyte,Liloan,President Roxas,719,,PhilAtlas page parsed from 2020 Census table,https://www.philatlas.com/visayas/r08/southern-leyte/liloan.html,2020
Southern Leyte,Liloan,San Isidro,919,,PhilAtlas page parsed from 2020 Census table,https://www.philatlas.com/visayas/r08/southern-leyte/liloan.html,2020
Southern Leyte,Liloan,San Roque,2397,,PhilAtlas page parsed from 2020 Census table,https://www.philatlas.com/visayas/r08/southern-leyte/liloan.html,2020
Southern Leyte,Liloan,Tabugon,774,,PhilAtlas page parsed from 2020 Census table,https://www.philatlas.com/visayas/r08/southern-leyte/liloan.html,2020
Southern Leyte,Limasawa,Cabulihan,841,,PhilAtlas page parsed from 2020 Census table,https://www.philatlas.com/visayas/r08/southern-leyte/limasawa.html,2020
Southern Leyte,Limasawa,Lugsongan,1202,,PhilAtlas page parsed from 2020 Census table,https://www.philatlas.com/visayas/r08/southern-leyte/limasawa.html,2020
Southern Leyte,Limasawa,Magallanes,1812,,PhilAtlas page parsed from 2020 Census table,https://www.philatlas.com/visayas/r08/southern-leyte/limasawa.html,2020
Southern Leyte,Limasawa,San Agustin,599,,PhilAtlas page parsed from 2020 Census table,https://www.philatlas.com/visayas/r08/southern-leyte/limasawa.html,2020
Southern Leyte,Limasawa,San Bernardo,536,,PhilAtlas page parsed from 2020 Census table,https://www.philatlas.com/visayas/r08/southern-leyte/limasawa.html,2020
Southern Leyte,Limasawa,Triana,1201,,PhilAtlas page parsed from 2020 Census table,https://www.philatlas.com/visayas/r08/southern-leyte/limasawa.html,2020
Southern Leyte,Maasin,Abgao,2510,,PhilAtlas page parsed from 2020 Census table,https://www.philatlas.com/visayas/r08/southern-leyte/maasin.html,2020
Southern Leyte,Maasin,Acasia,343,,PhilAtlas page parsed from 2020 Census table,https://www.philatlas.com/visayas/r08/southern-leyte/maasin.html,2020
Southern Leyte,Maasin,Asuncion,5063,,PhilAtlas page parsed from 2020 Census table,https://www.philatlas.com/visayas/r08/southern-leyte/maasin.html,2020
Southern Leyte,Maasin,Bactul I,552,,PhilAtlas page parsed from 2020 Census table,https://www.philatlas.com/visayas/r08/southern-leyte/maasin.html,2020
Southern Leyte,Maasin,Bactul II,581,,PhilAtlas page parsed from 2020 Census table,https://www.philatlas.com/visayas/r08/southern-leyte/maasin.html,2020
Southern Leyte,Maasin,Badiang,1264,,PhilAtlas page parsed from 2020 Census table,https://www.philatlas.com/visayas/r08/southern-leyte/maasin.html,2020
Southern Leyte,Maasin,Bagtican,675,,PhilAtlas page parsed from 2020 Census table,https://www.philatlas.com/visayas/r08/southern-leyte/maasin.html,2020
Southern Leyte,Maasin,Basak,780,,PhilAtlas page parsed from 2020 Census table,https://www.philatlas.com/visayas/r08/southern-leyte/maasin.html,2020
Southern Leyte,Maasin,Bato I,708,,PhilAtlas page parsed from 2020 Census table,https://www.philatlas.com/visayas/r08/southern-leyte/maasin.html,2020
Southern Leyte,Maasin,Bato II,515,,PhilAtlas page parsed from 2020 Census table,https://www.philatlas.com/visayas/r08/southern-leyte/maasin.html,2020
Southern Leyte,Maasin,Batuan,1098,,PhilAtlas page parsed from 2020 Census table,https://www.philatlas.com/visayas/r08/southern-leyte/maasin.html,2020
Southern Leyte,Maasin,Baugo,559,,PhilAtlas page parsed from 2020 Census table,https://www.philatlas.com/visayas/r08/southern-leyte/maasin.html,2020
Southern Leyte,Maasin,Bilibol,1095,,PhilAtlas page parsed from 2020 Census table,https://www.philatlas.com/visayas/r08/southern-leyte/maasin.html,2020
Southern Leyte,Maasin,Bogo,808,,PhilAtlas page parsed from 2020 Census table,https://www.philatlas.com/visayas/r08/southern-leyte/maasin.html,2020
Southern Leyte,Maasin,Cabadiangan,440,,PhilAtlas page parsed from 2020 Census table,https://www.philatlas.com/visayas/r08/southern-leyte/maasin.html,2020
Southern Leyte,Maasin,Cabulihan,1258,,PhilAtlas page parsed from 2020 Census table,https://www.philatlas.com/visayas/r08/southern-leyte/maasin.html,2020
Southern Leyte,Maasin,Cagnituan,356,,PhilAtlas page parsed from 2020 Census table,https://www.philatlas.com/visayas/r08/southern-leyte/maasin.html,2020
Southern Leyte,Maasin,Cambooc,767,,PhilAtlas page parsed from 2020 Census table,https://www.philatlas.com/visayas/r08/southern-leyte/maasin.html,2020
Southern Leyte,Maasin,Cansirong,963,,PhilAtlas page parsed from 2020 Census table,https://www.philatlas.com/visayas/r08/southern-leyte/maasin.html,2020
Southern Leyte,Maasin,Canturing,1138,,PhilAtlas page parsed from 2020 Census table,https://www.philatlas.com/visayas/r08/southern-leyte/maasin.html,2020
Southern Leyte,Maasin,Canyuom,639,,PhilAtlas page parsed from 2020 Census table,https://www.philatlas.com/visayas/r08/southern-leyte/maasin.html,2020
Southern Leyte,Maasin,Combado,5854,,PhilAtlas page parsed from 2020 Census table,https://www.philatlas.com/visayas/r08/southern-leyte/maasin.html,2020
Southern Leyte,Maasin,Dongon,1472,,PhilAtlas page parsed from 2020 Census table,https://www.philatlas.com/visayas/r08/southern-leyte/maasin.html,2020
Southern Leyte,Maasin,Gawisan,522,,PhilAtlas page parsed from 2020 Census table,https://www.philatlas.com/visayas/r08/southern-leyte/maasin.html,2020
Southern Leyte,Maasin,Guadalupe,1702,,PhilAtlas page parsed from 2020 Census table,https://www.philatlas.com/visayas/r08/southern-leyte/maasin.html,2020
Southern Leyte,Maasin,Hanginan,800,,PhilAtlas page parsed from 2020 Census table,https://www.philatlas.com/visayas/r08/southern-leyte/maasin.html,2020
Southern Leyte,Maasin,Hantag,788,,PhilAtlas page parsed from 2020 Census table,https://www.philatlas.com/visayas/r08/southern-leyte/maasin.html,2020
Southern Leyte,Maasin,Hinapu Daku,942,,PhilAtlas page parsed from 2020 Census table,https://www.philatlas.com/visayas/r08/southern-leyte/maasin.html,2020
Southern Leyte,Maasin,Hinapu Gamay,871,,PhilAtlas page parsed from 2020 Census table,https://www.philatlas.com/visayas/r08/southern-leyte/maasin.html,2020
Southern Leyte,Maasin,Ibarra,4346,,PhilAtlas page parsed from 2020 Census table,https://www.philatlas.com/visayas/r08/southern-leyte/maasin.html,2020
Southern Leyte,Maasin,Isagani,1289,,PhilAtlas page parsed from 2020 Census table,https://www.philatlas.com/visayas/r08/southern-leyte/maasin.html,2020
Southern Leyte,Maasin,Laboon,1604,,PhilAtlas page parsed from 2020 Census table,https://www.philatlas.com/visayas/r08/southern-leyte/maasin.html,2020
Southern Leyte,Maasin,Lanao,547,,PhilAtlas page parsed from 2020 Census table,https://www.philatlas.com/visayas/r08/southern-leyte/maasin.html,2020
Southern Leyte,Maasin,Libertad,432,,PhilAtlas page parsed from 2020 Census table,https://www.philatlas.com/visayas/r08/southern-leyte/maasin.html,2020
Southern Leyte,Maasin,Libhu,1785,,PhilAtlas page parsed from 2020 Census table,https://www.philatlas.com/visayas/r08/southern-leyte/maasin.html,2020
Southern Leyte,Maasin,Lib-og,1580,,PhilAtlas page parsed from 2020 Census table,https://www.philatlas.com/visayas/r08/southern-leyte/maasin.html,2020
Southern Leyte,Maasin,Lonoy,764,,PhilAtlas page parsed from 2020 Census table,https://www.philatlas.com/visayas/r08/southern-leyte/maasin.html,2020
Southern Leyte,Maasin,Lunas,1702,,PhilAtlas page parsed from 2020 Census table,https://www.philatlas.com/visayas/r08/southern-leyte/maasin.html,2020
Southern Leyte,Maasin,Mahayahay,1223,,PhilAtlas page parsed from 2020 Census table,https://www.philatlas.com/visayas/r08/southern-leyte/maasin.html,2020
Southern Leyte,Maasin,Malapoc Norte,927,,PhilAtlas page parsed from 2020 Census table,https://www.philatlas.com/visayas/r08/southern-leyte/maasin.html,2020
Southern Leyte,Maasin,Malapoc Sur,451,,PhilAtlas page parsed from 2020 Census table,https://www.philatlas.com/visayas/r08/southern-leyte/maasin.html,2020
Southern Leyte,Maasin,Mambajao,1948,,PhilAtlas page parsed from 2020 Census table,https://www.philatlas.com/visayas/r08/southern-leyte/maasin.html,2020
Southern Leyte,Maasin,Manhilo,1661,,PhilAtlas page parsed from 2020 Census table,https://www.philatlas.com/visayas/r08/southern-leyte/maasin.html,2020
Southern Leyte,Maasin,Mantahan,4106,,PhilAtlas page parsed from 2020 Census table,https://www.philatlas.com/visayas/r08/southern-leyte/maasin.html,2020
Southern Leyte,Maasin,Maria Clara,2406,,PhilAtlas page parsed from 2020 Census table,https://www.philatlas.com/visayas/r08/southern-leyte/maasin.html,2020
Southern Leyte,Maasin,Matin-ao,644,,PhilAtlas page parsed from 2020 Census table,https://www.philatlas.com/visayas/r08/southern-leyte/maasin.html,2020
Southern Leyte,Maasin,Nasaug,728,,PhilAtlas page parsed from 2020 Census table,https://www.philatlas.com/visayas/r08/southern-leyte/maasin.html,2020
Southern Leyte,Maasin,Nati,335,,PhilAtlas page parsed from 2020 Census table,https://www.philatlas.com/visayas/r08/southern-leyte/maasin.html,2020
Southern Leyte,Maasin,Nonok Norte,515,,PhilAtlas page parsed from 2020 Census table,https://www.philatlas.com/visayas/r08/southern-leyte/maasin.html,2020
Southern Leyte,Maasin,Nonok Sur,678,,PhilAtlas page parsed from 2020 Census table,https://www.philatlas.com/visayas/r08/southern-leyte/maasin.html,2020
Southern Leyte,Maasin,Panan-awan,1304,,PhilAtlas page parsed from 2020 Census table,https://www.philatlas.com/visayas/r08/southern-leyte/maasin.html,2020
Southern Leyte,Maasin,Pansaan,542,,PhilAtlas page parsed from 2020 Census table,https://www.philatlas.com/visayas/r08/southern-leyte/maasin.html,2020
Southern Leyte,Maasin,Pasay,1014,,PhilAtlas page parsed from 2020 Census table,https://www.philatlas.com/visayas/r08/southern-leyte/maasin.html,2020
Southern Leyte,Maasin,Pinascohan,552,,PhilAtlas page parsed from 2020 Census table,https://www.philatlas.com/visayas/r08/southern-leyte/maasin.html,2020
Southern Leyte,Maasin,Rizal,2061,,PhilAtlas page parsed from 2020 Census table,https://www.philatlas.com/visayas/r08/southern-leyte/maasin.html,2020
Southern Leyte,Maasin,San Agustin,465,,PhilAtlas page parsed from 2020 Census table,https://www.philatlas.com/visayas/r08/southern-leyte/maasin.html,2020
Southern Leyte,Maasin,San Isidro,568,,PhilAtlas page parsed from 2020 Census table,https://www.philatlas.com/visayas/r08/southern-leyte/maasin.html,2020
Southern Leyte,Maasin,San Jose,1102,,PhilAtlas page parsed from 2020 Census table,https://www.philatlas.com/visayas/r08/southern-leyte/maasin.html,2020
Southern Leyte,Maasin,San Rafael,1862,,PhilAtlas page parsed from 2020 Census table,https://www.philatlas.com/visayas/r08/southern-leyte/maasin.html,2020
Southern Leyte,Maasin,Santa Cruz,871,,PhilAtlas page parsed from 2020 Census table,https://www.philatlas.com/visayas/r08/southern-leyte/maasin.html,2020
Southern Leyte,Maasin,Santa Rosa,228,,PhilAtlas page parsed from 2020 Census table,https://www.philatlas.com/visayas/r08/southern-leyte/maasin.html,2020
Southern Leyte,Maasin,Santo Niño,723,,PhilAtlas page parsed from 2020 Census table,https://www.philatlas.com/visayas/r08/southern-leyte/maasin.html,2020
Southern Leyte,Maasin,Santo Rosario,1016,,PhilAtlas page parsed from 2020 Census table,https://www.philatlas.com/visayas/r08/southern-leyte/maasin.html,2020
Southern Leyte,Maasin,Soro-soro,1189,,PhilAtlas page parsed from 2020 Census table,https://www.philatlas.com/visayas/r08/southern-leyte/maasin.html,2020
Southern Leyte,Maasin,Tagnipa,3266,,PhilAtlas page parsed from 2020 Census table,https://www.philatlas.com/visayas/r08/southern-leyte/maasin.html,2020
Southern Leyte,Maasin,Tam-is,1491,,PhilAtlas page parsed from 2020 Census table,https://www.philatlas.com/visayas/r08/southern-leyte/maasin.html,2020
Southern Leyte,Maasin,Tawid,932,,PhilAtlas page parsed from 2020 Census table,https://www.philatlas.com/visayas/r08/southern-leyte/maasin.html,2020
Southern Leyte,Maasin,Tigbawan,1082,,PhilAtlas page parsed from 2020 Census table,https://www.philatlas.com/visayas/r08/southern-leyte/maasin.html,2020
Southern Leyte,Maasin,Tomoy-tomoy,491,,PhilAtlas page parsed from 2020 Census table,https://www.philatlas.com/visayas/r08/southern-leyte/maasin.html,2020
Southern Leyte,Maasin,Tunga-tunga,1953,,PhilAtlas page parsed from 2020 Census table,https://www.philatlas.com/visayas/r08/southern-leyte/maasin.html,2020
Southern Leyte,Macrohon,Aguinaldo,638,,PhilAtlas page parsed from 2020 Census table,https://www.philatlas.com/visayas/r08/southern-leyte/macrohon.html,2020
Southern Leyte,Macrohon,Amparo,1732,,PhilAtlas page parsed from 2020 Census table,https://www.philatlas.com/visayas/r08/southern-leyte/macrohon.html,2020
Southern Leyte,Macrohon,Asuncion,1052,,PhilAtlas page parsed from 2020 Census table,https://www.philatlas.com/visayas/r08/southern-leyte/macrohon.html,2020
Southern Leyte,Macrohon,Bagong Silang,145,,PhilAtlas page parsed from 2020 Census table,https://www.philatlas.com/visayas/r08/southern-leyte/macrohon.html,2020
Southern Leyte,Macrohon,Buscayan,691,,PhilAtlas page parsed from 2020 Census table,https://www.philatlas.com/visayas/r08/southern-leyte/macrohon.html,2020
Southern Leyte,Macrohon,Cambaro,378,,PhilAtlas page parsed from 2020 Census table,https://www.philatlas.com/visayas/r08/southern-leyte/macrohon.html,2020
Southern Leyte,Macrohon,Canlusay,288,,PhilAtlas page parsed from 2020 Census table,https://www.philatlas.com/visayas/r08/southern-leyte/macrohon.html,2020
Southern Leyte,Macrohon,Danao,257,,PhilAtlas page parsed from 2020 Census table,https://www.philatlas.com/visayas/r08/southern-leyte/macrohon.html,2020
Southern Leyte,Macrohon,Flordeliz,795,,PhilAtlas page parsed from 2020 Census table,https://www.philatlas.com/visayas/r08/southern-leyte/macrohon.html,2020
Southern Leyte,Macrohon,Guadalupe,573,,PhilAtlas page parsed from 2020 Census table,https://www.philatlas.com/visayas/r08/southern-leyte/macrohon.html,2020
Southern Leyte,Macrohon,Ichon,3801,,PhilAtlas page parsed from 2020 Census table,https://www.philatlas.com/visayas/r08/southern-leyte/macrohon.html,2020
Southern Leyte,Macrohon,Ilihan,848,,PhilAtlas page parsed from 2020 Census table,https://www.philatlas.com/visayas/r08/southern-leyte/macrohon.html,2020
Southern Leyte,Macrohon,Laray,953,,PhilAtlas page parsed from 2020 Census table,https://www.philatlas.com/visayas/r08/southern-leyte/macrohon.html,2020
Southern Leyte,Macrohon,Lower Villa Jacinta,872,,PhilAtlas page parsed from 2020 Census table,https://www.philatlas.com/visayas/r08/southern-leyte/macrohon.html,2020
Southern Leyte,Macrohon,Mabini,1165,,PhilAtlas page parsed from 2020 Census table,https://www.philatlas.com/visayas/r08/southern-leyte/macrohon.html,2020
Southern Leyte,Macrohon,Mohon,467,,PhilAtlas page parsed from 2020 Census table,https://www.philatlas.com/visayas/r08/southern-leyte/macrohon.html,2020
Southern Leyte,Macrohon,Molopolo,1216,,PhilAtlas page parsed from 2020 Census table,https://www.philatlas.com/visayas/r08/southern-leyte/macrohon.html,2020
Southern Leyte,Macrohon,Rizal,1213,,PhilAtlas page parsed from 2020 Census table,https://www.philatlas.com/visayas/r08/southern-leyte/macrohon.html,2020
Southern Leyte,Macrohon,Salvador,545,,PhilAtlas page parsed from 2020 Census table,https://www.philatlas.com/visayas/r08/southern-leyte/macrohon.html,2020
Southern Leyte,Macrohon,San Isidro,357,,PhilAtlas page parsed from 2020 Census table,https://www.philatlas.com/visayas/r08/southern-leyte/macrohon.html,2020
Southern Leyte,Macrohon,San Joaquin,1219,,PhilAtlas page parsed from 2020 Census table,https://www.philatlas.com/visayas/r08/southern-leyte/macrohon.html,2020
Southern Leyte,Macrohon,San Roque,1385,,PhilAtlas page parsed from 2020 Census table,https://www.philatlas.com/visayas/r08/southern-leyte/macrohon.html,2020
Southern Leyte,Macrohon,San Vicente,287,,PhilAtlas page parsed from 2020 Census table,https://www.philatlas.com/visayas/r08/southern-leyte/macrohon.html,2020
Southern Leyte,Macrohon,San Vicente Poblacion,469,,PhilAtlas page parsed from 2020 Census table,https://www.philatlas.com/visayas/r08/southern-leyte/macrohon.html,2020
Southern Leyte,Macrohon,Santa Cruz,1518,,PhilAtlas page parsed from 2020 Census table,https://www.philatlas.com/visayas/r08/southern-leyte/macrohon.html,2020
Southern Leyte,Macrohon,Santo Niño,547,,PhilAtlas page parsed from 2020 Census table,https://www.philatlas.com/visayas/r08/southern-leyte/macrohon.html,2020
Southern Leyte,Macrohon,Santo Rosario,955,,PhilAtlas page parsed from 2020 Census table,https://www.philatlas.com/visayas/r08/southern-leyte/macrohon.html,2020
Southern Leyte,Macrohon,Sindangan,772,,PhilAtlas page parsed from 2020 Census table,https://www.philatlas.com/visayas/r08/southern-leyte/macrohon.html,2020
Southern Leyte,Macrohon,Upper Ichon,611,,PhilAtlas page parsed from 2020 Census table,https://www.philatlas.com/visayas/r08/southern-leyte/macrohon.html,2020
Southern Leyte,Macrohon,Upper Villa Jacinta,831,,PhilAtlas page parsed from 2020 Census table,https://www.philatlas.com/visayas/r08/southern-leyte/macrohon.html,2020
Southern Leyte,Malitbog,Abgao,702,,PhilAtlas page parsed from 2020 Census table,https://www.philatlas.com/visayas/r08/southern-leyte/malitbog.html,2020
Southern Leyte,Malitbog,Asuncion,255,,PhilAtlas page parsed from 2020 Census table,https://www.philatlas.com/visayas/r08/southern-leyte/malitbog.html,2020
Southern Leyte,Malitbog,Aurora,392,,PhilAtlas page parsed from 2020 Census table,https://www.philatlas.com/visayas/r08/southern-leyte/malitbog.html,2020
Southern Leyte,Malitbog,Benit,444,,PhilAtlas page parsed from 2020 Census table,https://www.philatlas.com/visayas/r08/southern-leyte/malitbog.html,2020
Southern Leyte,Malitbog,Caaga,482,,PhilAtlas page parsed from 2020 Census table,https://www.philatlas.com/visayas/r08/southern-leyte/malitbog.html,2020
Southern Leyte,Malitbog,Cabul-anonan,541,,PhilAtlas page parsed from 2020 Census table,https://www.philatlas.com/visayas/r08/southern-leyte/malitbog.html,2020
Southern Leyte,Malitbog,Cadaruhan,492,,PhilAtlas page parsed from 2020 Census table,https://www.philatlas.com/visayas/r08/southern-leyte/malitbog.html,2020
Southern Leyte,Malitbog,Cadaruhan Sur,413,,PhilAtlas page parsed from 2020 Census table,https://www.philatlas.com/visayas/r08/southern-leyte/malitbog.html,2020
Southern Leyte,Malitbog,Candatag,1043,,PhilAtlas page parsed from 2020 Census table,https://www.philatlas.com/visayas/r08/southern-leyte/malitbog.html,2020
Southern Leyte,Malitbog,Cantamuac,545,,PhilAtlas page parsed from 2020 Census table,https://www.philatlas.com/visayas/r08/southern-leyte/malitbog.html,2020
Southern Leyte,Malitbog,Caraatan,240,,PhilAtlas page parsed from 2020 Census table,https://www.philatlas.com/visayas/r08/southern-leyte/malitbog.html,2020
Southern Leyte,Malitbog,Concepcion,662,,PhilAtlas page parsed from 2020 Census table,https://www.philatlas.com/visayas/r08/southern-leyte/malitbog.html,2020
Southern Leyte,Malitbog,Fatima,188,,PhilAtlas page parsed from 2020 Census table,https://www.philatlas.com/visayas/r08/southern-leyte/malitbog.html,2020
Southern Leyte,Malitbog,Guinabonan,332,,PhilAtlas page parsed from 2020 Census table,https://www.philatlas.com/visayas/r08/southern-leyte/malitbog.html,2020
Southern Leyte,Malitbog,Iba,442,,PhilAtlas page parsed from 2020 Census table,https://www.philatlas.com/visayas/r08/southern-leyte/malitbog.html,2020
Southern Leyte,Malitbog,Juangon,1138,,PhilAtlas page parsed from 2020 Census table,https://www.philatlas.com/visayas/r08/southern-leyte/malitbog.html,2020
Southern Leyte,Malitbog,Kauswagan,342,,PhilAtlas page parsed from 2020 Census table,https://www.philatlas.com/visayas/r08/southern-leyte/malitbog.html,2020
Southern Leyte,Malitbog,Lambonao,548,,PhilAtlas page parsed from 2020 Census table,https://www.philatlas.com/visayas/r08/southern-leyte/malitbog.html,2020
Southern Leyte,Malitbog,Mahayahay,475,,PhilAtlas page parsed from 2020 Census table,https://www.philatlas.com/visayas/r08/southern-leyte/malitbog.html,2020
Southern Leyte,Malitbog,Maningning,362,,PhilAtlas page parsed from 2020 Census table,https://www.philatlas.com/visayas/r08/southern-leyte/malitbog.html,2020
Southern Leyte,Malitbog,Maujo,899,,PhilAtlas page parsed from 2020 Census table,https://www.philatlas.com/visayas/r08/southern-leyte/malitbog.html,2020
Southern Leyte,Malitbog,New Katipunan,302,,PhilAtlas page parsed from 2020 Census table,https://www.philatlas.com/visayas/r08/southern-leyte/malitbog.html,2020
Southern Leyte,Malitbog,Pancil,388,,PhilAtlas page parsed from 2020 Census table,https://www.philatlas.com/visayas/r08/southern-leyte/malitbog.html,2020
Southern Leyte,Malitbog,Pasil,826,,PhilAtlas page parsed from 2020 Census table,https://www.philatlas.com/visayas/r08/southern-leyte/malitbog.html,2020
Southern Leyte,Malitbog,Sabang,963,,PhilAtlas page parsed from 2020 Census table,https://www.philatlas.com/visayas/r08/southern-leyte/malitbog.html,2020
Southern Leyte,Malitbog,San Antonio,521,,PhilAtlas page parsed from 2020 Census table,https://www.philatlas.com/visayas/r08/southern-leyte/malitbog.html,2020
Southern Leyte,Malitbog,San Isidro,209,,PhilAtlas page parsed from 2020 Census table,https://www.philatlas.com/visayas/r08/southern-leyte/malitbog.html,2020
Southern Leyte,Malitbog,San Jose,1401,,PhilAtlas page parsed from 2020 Census table,https://www.philatlas.com/visayas/r08/southern-leyte/malitbog.html,2020
Southern Leyte,Malitbog,San Roque,567,,PhilAtlas page parsed from 2020 Census table,https://www.philatlas.com/visayas/r08/southern-leyte/malitbog.html,2020
Southern Leyte,Malitbog,San Vicente,1582,,PhilAtlas page parsed from 2020 Census table,https://www.philatlas.com/visayas/r08/southern-leyte/malitbog.html,2020
Southern Leyte,Malitbog,Sangahon,841,,PhilAtlas page parsed from 2020 Census table,https://www.philatlas.com/visayas/r08/southern-leyte/malitbog.html,2020
Southern Leyte,Malitbog,Santa Cruz,1288,,PhilAtlas page parsed from 2020 Census table,https://www.philatlas.com/visayas/r08/southern-leyte/malitbog.html,2020
Southern Leyte,Malitbog,Santo Niño,473,,PhilAtlas page parsed from 2020 Census table,https://www.philatlas.com/visayas/r08/southern-leyte/malitbog.html,2020
Southern Leyte,Malitbog,Taliwa,1269,,PhilAtlas page parsed from 2020 Census table,https://www.philatlas.com/visayas/r08/southern-leyte/malitbog.html,2020
Southern Leyte,Malitbog,Tigbawan I,395,,PhilAtlas page parsed from 2020 Census table,https://www.philatlas.com/visayas/r08/southern-leyte/malitbog.html,2020
Southern Leyte,Malitbog,Tigbawan II,432,,PhilAtlas page parsed from 2020 Census table,https://www.philatlas.com/visayas/r08/southern-leyte/malitbog.html,2020
Southern Leyte,Malitbog,Timba,862,,PhilAtlas page parsed from 2020 Census table,https://www.philatlas.com/visayas/r08/southern-leyte/malitbog.html,2020
Southern Leyte,Padre Burgos,Buenavista,1074,,PhilAtlas page parsed from 2020 Census table,https://www.philatlas.com/visayas/r08/southern-leyte/padre-burgos.html,2020
Southern Leyte,Padre Burgos,Bunga,530,,PhilAtlas page parsed from 2020 Census table,https://www.philatlas.com/visayas/r08/southern-leyte/padre-burgos.html,2020
Southern Leyte,Padre Burgos,Cantutang,1062,,PhilAtlas page parsed from 2020 Census table,https://www.philatlas.com/visayas/r08/southern-leyte/padre-burgos.html,2020
Southern Leyte,Padre Burgos,Dinahugan,761,,PhilAtlas page parsed from 2020 Census table,https://www.philatlas.com/visayas/r08/southern-leyte/padre-burgos.html,2020
Southern Leyte,Padre Burgos,Laca,708,,PhilAtlas page parsed from 2020 Census table,https://www.philatlas.com/visayas/r08/southern-leyte/padre-burgos.html,2020
Southern Leyte,Padre Burgos,Lungsodaan,941,,PhilAtlas page parsed from 2020 Census table,https://www.philatlas.com/visayas/r08/southern-leyte/padre-burgos.html,2020
Southern Leyte,Padre Burgos,Poblacion,1188,,PhilAtlas page parsed from 2020 Census table,https://www.philatlas.com/visayas/r08/southern-leyte/padre-burgos.html,2020
Southern Leyte,Padre Burgos,San Juan,1022,,PhilAtlas page parsed from 2020 Census table,https://www.philatlas.com/visayas/r08/southern-leyte/padre-burgos.html,2020
Southern Leyte,Padre Burgos,Santa Sofia,1865,,PhilAtlas page parsed from 2020 Census table,https://www.philatlas.com/visayas/r08/southern-leyte/padre-burgos.html,2020
Southern Leyte,Padre Burgos,Santo Rosario,894,,PhilAtlas page parsed from 2020 Census table,https://www.philatlas.com/visayas/r08/southern-leyte/padre-burgos.html,2020
Southern Leyte,Padre Burgos,Tangkaan,1114,,PhilAtlas page parsed from 2020 Census table,https://www.philatlas.com/visayas/r08/southern-leyte/padre-burgos.html,2020
Southern Leyte,Pintuyan,Badiang,319,,PhilAtlas page parsed from 2020 Census table,https://www.philatlas.com/visayas/r08/southern-leyte/pintuyan.html,2020
Southern Leyte,Pintuyan,Balongbalong,142,,PhilAtlas page parsed from 2020 Census table,https://www.philatlas.com/visayas/r08/southern-leyte/pintuyan.html,2020
Southern Leyte,Pintuyan,Buenavista,476,,PhilAtlas page parsed from 2020 Census table,https://www.philatlas.com/visayas/r08/southern-leyte/pintuyan.html,2020
Southern Leyte,Pintuyan,Bulawan,225,,PhilAtlas page parsed from 2020 Census table,https://www.philatlas.com/visayas/r08/southern-leyte/pintuyan.html,2020
Southern Leyte,Pintuyan,Canlawis,355,,PhilAtlas page parsed from 2020 Census table,https://www.philatlas.com/visayas/r08/southern-leyte/pintuyan.html,2020
Southern Leyte,Pintuyan,Catbawan,782,,PhilAtlas page parsed from 2020 Census table,https://www.philatlas.com/visayas/r08/southern-leyte/pintuyan.html,2020
Southern Leyte,Pintuyan,Caubang,358,,PhilAtlas page parsed from 2020 Census table,https://www.philatlas.com/visayas/r08/southern-leyte/pintuyan.html,2020
Southern Leyte,Pintuyan,Cogon,401,,PhilAtlas page parsed from 2020 Census table,https://www.philatlas.com/visayas/r08/southern-leyte/pintuyan.html,2020
Southern Leyte,Pintuyan,Dan-an,489,,PhilAtlas page parsed from 2020 Census table,https://www.philatlas.com/visayas/r08/southern-leyte/pintuyan.html,2020
Southern Leyte,Pintuyan,Lobo,307,,PhilAtlas page parsed from 2020 Census table,https://www.philatlas.com/visayas/r08/southern-leyte/pintuyan.html,2020
Southern Leyte,Pintuyan,Mainit,287,,PhilAtlas page parsed from 2020 Census table,https://www.philatlas.com/visayas/r08/southern-leyte/pintuyan.html,2020
Southern Leyte,Pintuyan,Manglit,627,,PhilAtlas page parsed from 2020 Census table,https://www.philatlas.com/visayas/r08/southern-leyte/pintuyan.html,2020
Southern Leyte,Pintuyan,Nueva Estrella Norte,409,,PhilAtlas page parsed from 2020 Census table,https://www.philatlas.com/visayas/r08/southern-leyte/pintuyan.html,2020
Southern Leyte,Pintuyan,Nueva Estrella Sur,415,,PhilAtlas page parsed from 2020 Census table,https://www.philatlas.com/visayas/r08/southern-leyte/pintuyan.html,2020
Southern Leyte,Pintuyan,Poblacion Ibabao,374,,PhilAtlas page parsed from 2020 Census table,https://www.philatlas.com/visayas/r08/southern-leyte/pintuyan.html,2020
Southern Leyte,Pintuyan,Poblacion Ubos,559,,PhilAtlas page parsed from 2020 Census table,https://www.philatlas.com/visayas/r08/southern-leyte/pintuyan.html,2020
Southern Leyte,Pintuyan,Pociano D. Equipilag,396,,PhilAtlas page parsed from 2020 Census table,https://www.philatlas.com/visayas/r08/southern-leyte/pintuyan.html,2020
Southern Leyte,Pintuyan,Ponod,698,,PhilAtlas page parsed from 2020 Census table,https://www.philatlas.com/visayas/r08/southern-leyte/pintuyan.html,2020
Southern Leyte,Pintuyan,San Roque,559,,PhilAtlas page parsed from 2020 Census table,https://www.philatlas.com/visayas/r08/southern-leyte/pintuyan.html,2020
Southern Leyte,Pintuyan,Santa Cruz,627,,PhilAtlas page parsed from 2020 Census table,https://www.philatlas.com/visayas/r08/southern-leyte/pintuyan.html,2020
Southern Leyte,Pintuyan,Son-ok I,644,,PhilAtlas page parsed from 2020 Census table,https://www.philatlas.com/visayas/r08/southern-leyte/pintuyan.html,2020
Southern Leyte,Pintuyan,Son-ok II,426,,PhilAtlas page parsed from 2020 Census table,https://www.philatlas.com/visayas/r08/southern-leyte/pintuyan.html,2020
Southern Leyte,Pintuyan,Tautag,327,,PhilAtlas page parsed from 2020 Census table,https://www.philatlas.com/visayas/r08/southern-leyte/pintuyan.html,2020
Southern Leyte,Saint Bernard,Atuyan,467,,PhilAtlas page parsed from 2020 Census table,https://www.philatlas.com/visayas/r08/southern-leyte/saint-bernard.html,2020
Southern Leyte,Saint Bernard,Ayahag,417,,PhilAtlas page parsed from 2020 Census table,https://www.philatlas.com/visayas/r08/southern-leyte/saint-bernard.html,2020
Southern Leyte,Saint Bernard,Bantawon,228,,PhilAtlas page parsed from 2020 Census table,https://www.philatlas.com/visayas/r08/southern-leyte/saint-bernard.html,2020
Southern Leyte,Saint Bernard,Bolodbolod,1275,,PhilAtlas page parsed from 2020 Census table,https://www.philatlas.com/visayas/r08/southern-leyte/saint-bernard.html,2020
Southern Leyte,Saint Bernard,Cabagawan,1264,,PhilAtlas page parsed from 2020 Census table,https://www.philatlas.com/visayas/r08/southern-leyte/saint-bernard.html,2020
Southern Leyte,Saint Bernard,Carnaga,923,,PhilAtlas page parsed from 2020 Census table,https://www.philatlas.com/visayas/r08/southern-leyte/saint-bernard.html,2020
Southern Leyte,Saint Bernard,Catmon,2548,,PhilAtlas page parsed from 2020 Census table,https://www.philatlas.com/visayas/r08/southern-leyte/saint-bernard.html,2020
Southern Leyte,Saint Bernard,Guinsaugon,47,,PhilAtlas page parsed from 2020 Census table,https://www.philatlas.com/visayas/r08/southern-leyte/saint-bernard.html,2020
Southern Leyte,Saint Bernard,Himatagon,1748,,PhilAtlas page parsed from 2020 Census table,https://www.philatlas.com/visayas/r08/southern-leyte/saint-bernard.html,2020
Southern Leyte,Saint Bernard,Himbangan,2661,,PhilAtlas page parsed from 2020 Census table,https://www.philatlas.com/visayas/r08/southern-leyte/saint-bernard.html,2020
Southern Leyte,Saint Bernard,Himos-onan,702,,PhilAtlas page parsed from 2020 Census table,https://www.philatlas.com/visayas/r08/southern-leyte/saint-bernard.html,2020
Southern Leyte,Saint Bernard,Hinabian,99,,PhilAtlas page parsed from 2020 Census table,https://www.philatlas.com/visayas/r08/southern-leyte/saint-bernard.html,2020
Southern Leyte,Saint Bernard,Hindag-an,1605,,PhilAtlas page parsed from 2020 Census table,https://www.philatlas.com/visayas/r08/southern-leyte/saint-bernard.html,2020
Southern Leyte,Saint Bernard,Kauswagan,28,,PhilAtlas page parsed from 2020 Census table,https://www.philatlas.com/visayas/r08/southern-leyte/saint-bernard.html,2020
Southern Leyte,Saint Bernard,Libas,411,,PhilAtlas page parsed from 2020 Census table,https://www.philatlas.com/visayas/r08/southern-leyte/saint-bernard.html,2020
Southern Leyte,Saint Bernard,Lipanto,1276,,PhilAtlas page parsed from 2020 Census table,https://www.philatlas.com/visayas/r08/southern-leyte/saint-bernard.html,2020
Southern Leyte,Saint Bernard,Magatas,88,,PhilAtlas page parsed from 2020 Census table,https://www.philatlas.com/visayas/r08/southern-leyte/saint-bernard.html,2020
Southern Leyte,Saint Bernard,Magbagacay,2441,,PhilAtlas page parsed from 2020 Census table,https://www.philatlas.com/visayas/r08/southern-leyte/saint-bernard.html,2020
Southern Leyte,Saint Bernard,Mahayag,662,,PhilAtlas page parsed from 2020 Census table,https://www.philatlas.com/visayas/r08/southern-leyte/saint-bernard.html,2020
Southern Leyte,Saint Bernard,Mahayahay,1701,,PhilAtlas page parsed from 2020 Census table,https://www.philatlas.com/visayas/r08/southern-leyte/saint-bernard.html,2020
Southern Leyte,Saint Bernard,Malibago,1557,,PhilAtlas page parsed from 2020 Census table,https://www.philatlas.com/visayas/r08/southern-leyte/saint-bernard.html,2020
Southern Leyte,Saint Bernard,Malinao,42,,PhilAtlas page parsed from 2020 Census table,https://www.philatlas.com/visayas/r08/southern-leyte/saint-bernard.html,2020
Southern Leyte,Saint Bernard,Nueva Esperanza,107,,PhilAtlas page parsed from 2020 Census table,https://www.philatlas.com/visayas/r08/southern-leyte/saint-bernard.html,2020
Southern Leyte,Saint Bernard,Panian,1335,,PhilAtlas page parsed from 2020 Census table,https://www.philatlas.com/visayas/r08/southern-leyte/saint-bernard.html,2020
Southern Leyte,Saint Bernard,San Isidro,1953,,PhilAtlas page parsed from 2020 Census table,https://www.philatlas.com/visayas/r08/southern-leyte/saint-bernard.html,2020
Southern Leyte,Saint Bernard,Santa Cruz,313,,PhilAtlas page parsed from 2020 Census table,https://www.philatlas.com/visayas/r08/southern-leyte/saint-bernard.html,2020
Southern Leyte,Saint Bernard,Sug-angon,382,,PhilAtlas page parsed from 2020 Census table,https://www.philatlas.com/visayas/r08/southern-leyte/saint-bernard.html,2020
Southern Leyte,Saint Bernard,Tabontabon,312,,PhilAtlas page parsed from 2020 Census table,https://www.philatlas.com/visayas/r08/southern-leyte/saint-bernard.html,2020
Southern Leyte,Saint Bernard,Tambis I,882,,PhilAtlas page parsed from 2020 Census table,https://www.philatlas.com/visayas/r08/southern-leyte/saint-bernard.html,2020
Southern Leyte,Saint Bernard,Tambis II,940,,PhilAtlas page parsed from 2020 Census table,https://www.philatlas.com/visayas/r08/southern-leyte/saint-bernard.html,2020
Southern Leyte,San Francisco,Anislagon,369,,PhilAtlas page parsed from 2020 Census table,https://www.philatlas.com/visayas/r08/southern-leyte/san-francisco.html,2020
Southern Leyte,San Francisco,Bongawisan,331,,PhilAtlas page parsed from 2020 Census table,https://www.philatlas.com/visayas/r08/southern-leyte/san-francisco.html,2020
Southern Leyte,San Francisco,Bongbong,761,,PhilAtlas page parsed from 2020 Census table,https://www.philatlas.com/visayas/r08/southern-leyte/san-francisco.html,2020
Southern Leyte,San Francisco,Cahayag,339,,PhilAtlas page parsed from 2020 Census table,https://www.philatlas.com/visayas/r08/southern-leyte/san-francisco.html,2020
Southern Leyte,San Francisco,Causi,345,,PhilAtlas page parsed from 2020 Census table,https://www.philatlas.com/visayas/r08/southern-leyte/san-francisco.html,2020
Southern Leyte,San Francisco,Central,1285,,PhilAtlas page parsed from 2020 Census table,https://www.philatlas.com/visayas/r08/southern-leyte/san-francisco.html,2020
Southern Leyte,San Francisco,Dakit,1015,,PhilAtlas page parsed from 2020 Census table,https://www.philatlas.com/visayas/r08/southern-leyte/san-francisco.html,2020
Southern Leyte,San Francisco,Gabi,453,,PhilAtlas page parsed from 2020 Census table,https://www.philatlas.com/visayas/r08/southern-leyte/san-francisco.html,2020
Southern Leyte,San Francisco,Habay,562,,PhilAtlas page parsed from 2020 Census table,https://www.philatlas.com/visayas/r08/southern-leyte/san-francisco.html,2020
Southern Leyte,San Francisco,Malico,323,,PhilAtlas page parsed from 2020 Census table,https://www.philatlas.com/visayas/r08/southern-leyte/san-francisco.html,2020
Southern Leyte,San Francisco,Marayag,793,,PhilAtlas page parsed from 2020 Census table,https://www.philatlas.com/visayas/r08/southern-leyte/san-francisco.html,2020
Southern Leyte,San Francisco,Napantao,984,,PhilAtlas page parsed from 2020 Census table,https://www.philatlas.com/visayas/r08/southern-leyte/san-francisco.html,2020
Southern Leyte,San Francisco,Pasanon,445,,PhilAtlas page parsed from 2020 Census table,https://www.philatlas.com/visayas/r08/southern-leyte/san-francisco.html,2020
Southern Leyte,San Francisco,Pinamudlan,737,,PhilAtlas page parsed from 2020 Census table,https://www.philatlas.com/visayas/r08/southern-leyte/san-francisco.html,2020
Southern Leyte,San Francisco,Punta,99,,PhilAtlas page parsed from 2020 Census table,https://www.philatlas.com/visayas/r08/southern-leyte/san-francisco.html,2020
Southern Leyte,San Francisco,Santa Cruz,637,,PhilAtlas page parsed from 2020 Census table,https://www.philatlas.com/visayas/r08/southern-leyte/san-francisco.html,2020
Southern Leyte,San Francisco,Santa Paz Norte,725,,PhilAtlas page parsed from 2020 Census table,https://www.philatlas.com/visayas/r08/southern-leyte/san-francisco.html,2020
Southern Leyte,San Francisco,Santa Paz Sur,451,,PhilAtlas page parsed from 2020 Census table,https://www.philatlas.com/visayas/r08/southern-leyte/san-francisco.html,2020
Southern Leyte,San Francisco,Sudmon,621,,PhilAtlas page parsed from 2020 Census table,https://www.philatlas.com/visayas/r08/southern-leyte/san-francisco.html,2020
Southern Leyte,San Francisco,Tinaan,525,,PhilAtlas page parsed from 2020 Census table,https://www.philatlas.com/visayas/r08/southern-leyte/san-francisco.html,2020
Southern Leyte,San Francisco,Tuno,631,,PhilAtlas page parsed from 2020 Census table,https://www.philatlas.com/visayas/r08/southern-leyte/san-francisco.html,2020
Southern Leyte,San Francisco,Ubos,1005,,PhilAtlas page parsed from 2020 Census table,https://www.philatlas.com/visayas/r08/southern-leyte/san-francisco.html,2020
Southern Leyte,San Juan,Agay-ay,596,,PhilAtlas page parsed from 2020 Census table,https://www.philatlas.com/visayas/r08/southern-leyte/san-juan.html,2020
Southern Leyte,San Juan,Basak,1297,,PhilAtlas page parsed from 2020 Census table,https://www.philatlas.com/visayas/r08/southern-leyte/san-juan.html,2020
Southern Leyte,San Juan,Bobon A,401,,PhilAtlas page parsed from 2020 Census table,https://www.philatlas.com/visayas/r08/southern-leyte/san-juan.html,2020
Southern Leyte,San Juan,Bobon B,335,,PhilAtlas page parsed from 2020 Census table,https://www.philatlas.com/visayas/r08/southern-leyte/san-juan.html,2020
Southern Leyte,San Juan,Dayanog,840,,PhilAtlas page parsed from 2020 Census table,https://www.philatlas.com/visayas/r08/southern-leyte/san-juan.html,2020
Southern Leyte,San Juan,Garrido,437,,PhilAtlas page parsed from 2020 Census table,https://www.philatlas.com/visayas/r08/southern-leyte/san-juan.html,2020
Southern Leyte,San Juan,Minoyho,1035,,PhilAtlas page parsed from 2020 Census table,https://www.philatlas.com/visayas/r08/southern-leyte/san-juan.html,2020
Southern Leyte,San Juan,Osao,1395,,PhilAtlas page parsed from 2020 Census table,https://www.philatlas.com/visayas/r08/southern-leyte/san-juan.html,2020
Southern Leyte,San Juan,Pong-oy,1065,,PhilAtlas page parsed from 2020 Census table,https://www.philatlas.com/visayas/r08/southern-leyte/san-juan.html,2020
Southern Leyte,San Juan,San Jose,934,,PhilAtlas page parsed from 2020 Census table,https://www.philatlas.com/visayas/r08/southern-leyte/san-juan.html,2020
Southern Leyte,San Juan,San Roque,591,,PhilAtlas page parsed from 2020 Census table,https://www.philatlas.com/visayas/r08/southern-leyte/san-juan.html,2020
Southern Leyte,San Juan,San Vicente,661,,PhilAtlas page parsed from 2020 Census table,https://www.philatlas.com/visayas/r08/southern-leyte/san-juan.html,2020
Southern Leyte,San Juan,Santa Cruz,1140,,PhilAtlas page parsed from 2020 Census table,https://www.philatlas.com/visayas/r08/southern-leyte/san-juan.html,2020
Southern Leyte,San Juan,Santa Filomena,402,,PhilAtlas page parsed from 2020 Census table,https://www.philatlas.com/visayas/r08/southern-leyte/san-juan.html,2020
Southern Leyte,San Juan,Santo Niño,1962,,PhilAtlas page parsed from 2020 Census table,https://www.philatlas.com/visayas/r08/southern-leyte/san-juan.html,2020
Southern Leyte,San Juan,Somoje,698,,PhilAtlas page parsed from 2020 Census table,https://www.philatlas.com/visayas/r08/southern-leyte/san-juan.html,2020
Southern Leyte,San Juan,Sua,659,,PhilAtlas page parsed from 2020 Census table,https://www.philatlas.com/visayas/r08/southern-leyte/san-juan.html,2020
Southern Leyte,San Juan,Timba,464,,PhilAtlas page parsed from 2020 Census table,https://www.philatlas.com/visayas/r08/southern-leyte/san-juan.html,2020
Southern Leyte,San Ricardo,Benit,753,,PhilAtlas page parsed from 2020 Census table,https://www.philatlas.com/visayas/r08/southern-leyte/san-ricardo.html,2020
Southern Leyte,San Ricardo,Bitoon,292,,PhilAtlas page parsed from 2020 Census table,https://www.philatlas.com/visayas/r08/southern-leyte/san-ricardo.html,2020
Southern Leyte,San Ricardo,Cabutan,412,,PhilAtlas page parsed from 2020 Census table,https://www.philatlas.com/visayas/r08/southern-leyte/san-ricardo.html,2020
Southern Leyte,San Ricardo,Camang,513,,PhilAtlas page parsed from 2020 Census table,https://www.philatlas.com/visayas/r08/southern-leyte/san-ricardo.html,2020
Southern Leyte,San Ricardo,Esperanza,937,,PhilAtlas page parsed from 2020 Census table,https://www.philatlas.com/visayas/r08/southern-leyte/san-ricardo.html,2020
Southern Leyte,San Ricardo,Esperanza Dos,1301,,PhilAtlas page parsed from 2020 Census table,https://www.philatlas.com/visayas/r08/southern-leyte/san-ricardo.html,2020
Southern Leyte,San Ricardo,Inolinan,654,,PhilAtlas page parsed from 2020 Census table,https://www.philatlas.com/visayas/r08/southern-leyte/san-ricardo.html,2020
Southern Leyte,San Ricardo,Kinachawa,512,,PhilAtlas page parsed from 2020 Census table,https://www.philatlas.com/visayas/r08/southern-leyte/san-ricardo.html,2020
Southern Leyte,San Ricardo,Looc,286,,PhilAtlas page parsed from 2020 Census table,https://www.philatlas.com/visayas/r08/southern-leyte/san-ricardo.html,2020
Southern Leyte,San Ricardo,Pinut-an,2036,,PhilAtlas page parsed from 2020 Census table,https://www.philatlas.com/visayas/r08/southern-leyte/san-ricardo.html,2020
Southern Leyte,San Ricardo,Poblacion,740,,PhilAtlas page parsed from 2020 Census table,https://www.philatlas.com/visayas/r08/southern-leyte/san-ricardo.html,2020
Southern Leyte,San Ricardo,San Antonio,617,,PhilAtlas page parsed from 2020 Census table,https://www.philatlas.com/visayas/r08/southern-leyte/san-ricardo.html,2020
Southern Leyte,San Ricardo,San Ramon,418,,PhilAtlas page parsed from 2020 Census table,https://www.philatlas.com/visayas/r08/southern-leyte/san-ricardo.html,2020
Southern Leyte,San Ricardo,Saub,638,,PhilAtlas page parsed from 2020 Census table,https://www.philatlas.com/visayas/r08/southern-leyte/san-ricardo.html,2020
Southern Leyte,San Ricardo,Timba,391,,PhilAtlas page parsed from 2020 Census table,https://www.philatlas.com/visayas/r08/southern-leyte/san-ricardo.html,2020
Southern Leyte,Silago,Balagawan,850,,PhilAtlas page parsed from 2020 Census table,https://www.philatlas.com/visayas/r08/southern-leyte/silago.html,2020
Southern Leyte,Silago,Catmon,141,,PhilAtlas page parsed from 2020 Census table,https://www.philatlas.com/visayas/r08/southern-leyte/silago.html,2020
Southern Leyte,Silago,Hingatungan,2184,,PhilAtlas page parsed from 2020 Census table,https://www.philatlas.com/visayas/r08/southern-leyte/silago.html,2020
Southern Leyte,Silago,Imelda,291,,PhilAtlas page parsed from 2020 Census table,https://www.philatlas.com/visayas/r08/southern-leyte/silago.html,2020
Southern Leyte,Silago,Katipunan,728,,PhilAtlas page parsed from 2020 Census table,https://www.philatlas.com/visayas/r08/southern-leyte/silago.html,2020
Southern Leyte,Silago,Laguma,795,,PhilAtlas page parsed from 2020 Census table,https://www.philatlas.com/visayas/r08/southern-leyte/silago.html,2020
Southern Leyte,Silago,Mercedes,1824,,PhilAtlas page parsed from 2020 Census table,https://www.philatlas.com/visayas/r08/southern-leyte/silago.html,2020
Southern Leyte,Silago,Poblacion District I,1286,,PhilAtlas page parsed from 2020 Census table,https://www.philatlas.com/visayas/r08/southern-leyte/silago.html,2020
Southern Leyte,Silago,Poblacion District II,1439,,PhilAtlas page parsed from 2020 Census table,https://www.philatlas.com/visayas/r08/southern-leyte/silago.html,2020
Southern Leyte,Silago,Puntana,322,,PhilAtlas page parsed from 2020 Census table,https://www.philatlas.com/visayas/r08/southern-leyte/silago.html,2020
Southern Leyte,Silago,Salvacion,652,,PhilAtlas page parsed from 2020 Census table,https://www.philatlas.com/visayas/r08/southern-leyte/silago.html,2020
Southern Leyte,Silago,Sap-ang,650,,PhilAtlas page parsed from 2020 Census table,https://www.philatlas.com/visayas/r08/southern-leyte/silago.html,2020
Southern Leyte,Silago,Sudmon,511,,PhilAtlas page parsed from 2020 Census table,https://www.philatlas.com/visayas/r08/southern-leyte/silago.html,2020
Southern Leyte,Silago,Tuba-on,479,,PhilAtlas page parsed from 2020 Census table,https://www.philatlas.com/visayas/r08/southern-leyte/silago.html,2020
Southern Leyte,Silago,Tubod,964,,PhilAtlas page parsed from 2020 Census table,https://www.philatlas.com/visayas/r08/southern-leyte/silago.html,2020
Southern Leyte,Sogod,Benit,154,,PhilAtlas page parsed from 2020 Census table,https://www.philatlas.com/visayas/r08/southern-leyte/sogod.html,2020
Southern Leyte,Sogod,Buac Daku,116,,PhilAtlas page parsed from 2020 Census table,https://www.philatlas.com/visayas/r08/southern-leyte/sogod.html,2020
Southern Leyte,Sogod,Buac Gamay,721,,PhilAtlas page parsed from 2020 Census table,https://www.philatlas.com/visayas/r08/southern-leyte/sogod.html,2020
Southern Leyte,Sogod,Cabadbaran,218,,PhilAtlas page parsed from 2020 Census table,https://www.philatlas.com/visayas/r08/southern-leyte/sogod.html,2020
Southern Leyte,Sogod,Concepcion,1557,,PhilAtlas page parsed from 2020 Census table,https://www.philatlas.com/visayas/r08/southern-leyte/sogod.html,2020
Southern Leyte,Sogod,Consolacion,1101,,PhilAtlas page parsed from 2020 Census table,https://www.philatlas.com/visayas/r08/southern-leyte/sogod.html,2020
Southern Leyte,Sogod,Dagsa,525,,PhilAtlas page parsed from 2020 Census table,https://www.philatlas.com/visayas/r08/southern-leyte/sogod.html,2020
Southern Leyte,Sogod,Hibod-hibod,426,,PhilAtlas page parsed from 2020 Census table,https://www.philatlas.com/visayas/r08/southern-leyte/sogod.html,2020
Southern Leyte,Sogod,Hindangan,153,,PhilAtlas page parsed from 2020 Census table,https://www.philatlas.com/visayas/r08/southern-leyte/sogod.html,2020
Southern Leyte,Sogod,Hipantag,248,,PhilAtlas page parsed from 2020 Census table,https://www.philatlas.com/visayas/r08/southern-leyte/sogod.html,2020
Southern Leyte,Sogod,Javier,802,,PhilAtlas page parsed from 2020 Census table,https://www.philatlas.com/visayas/r08/southern-leyte/sogod.html,2020
Southern Leyte,Sogod,Kahupian,1509,,PhilAtlas page parsed from 2020 Census table,https://www.philatlas.com/visayas/r08/southern-leyte/sogod.html,2020
Southern Leyte,Sogod,Kanangkaan,379,,PhilAtlas page parsed from 2020 Census table,https://www.philatlas.com/visayas/r08/southern-leyte/sogod.html,2020
Southern Leyte,Sogod,Kauswagan,440,,PhilAtlas page parsed from 2020 Census table,https://www.philatlas.com/visayas/r08/southern-leyte/sogod.html,2020
Southern Leyte,Sogod,La Purisima Concepcion,1245,,PhilAtlas page parsed from 2020 Census table,https://www.philatlas.com/visayas/r08/southern-leyte/sogod.html,2020
Southern Leyte,Sogod,Libas,1858,,PhilAtlas page parsed from 2020 Census table,https://www.philatlas.com/visayas/r08/southern-leyte/sogod.html,2020
Southern Leyte,Sogod,Lum-an,151,,PhilAtlas page parsed from 2020 Census table,https://www.philatlas.com/visayas/r08/southern-leyte/sogod.html,2020
Southern Leyte,Sogod,Mabicay,914,,PhilAtlas page parsed from 2020 Census table,https://www.philatlas.com/visayas/r08/southern-leyte/sogod.html,2020
Southern Leyte,Sogod,Mac,2111,,PhilAtlas page parsed from 2020 Census table,https://www.philatlas.com/visayas/r08/southern-leyte/sogod.html,2020
Southern Leyte,Sogod,Magatas,1485,,PhilAtlas page parsed from 2020 Census table,https://www.philatlas.com/visayas/r08/southern-leyte/sogod.html,2020
Southern Leyte,Sogod,Mahayahay,996,,PhilAtlas page parsed from 2020 Census table,https://www.philatlas.com/visayas/r08/southern-leyte/sogod.html,2020
Southern Leyte,Sogod,Malinao,696,,PhilAtlas page parsed from 2020 Census table,https://www.philatlas.com/visayas/r08/southern-leyte/sogod.html,2020
Southern Leyte,Sogod,Maria Plana,258,,PhilAtlas page parsed from 2020 Census table,https://www.philatlas.com/visayas/r08/southern-leyte/sogod.html,2020
Southern Leyte,Sogod,Milagroso,669,,PhilAtlas page parsed from 2020 Census table,https://www.philatlas.com/visayas/r08/southern-leyte/sogod.html,2020
Southern Leyte,Sogod,Olisihan,502,,PhilAtlas page parsed from 2020 Census table,https://www.philatlas.com/visayas/r08/southern-leyte/sogod.html,2020
Southern Leyte,Sogod,Pancho Villa,1137,,PhilAtlas page parsed from 2020 Census table,https://www.philatlas.com/visayas/r08/southern-leyte/sogod.html,2020
Southern Leyte,Sogod,Pandan,1684,,PhilAtlas page parsed from 2020 Census table,https://www.philatlas.com/visayas/r08/southern-leyte/sogod.html,2020
Southern Leyte,Sogod,Rizal,1909,,PhilAtlas page parsed from 2020 Census table,https://www.philatlas.com/visayas/r08/southern-leyte/sogod.html,2020
Southern Leyte,Sogod,Salvacion,724,,PhilAtlas page parsed from 2020 Census table,https://www.philatlas.com/visayas/r08/southern-leyte/sogod.html,2020
Southern Leyte,Sogod,San Francisco Mabuhay,310,,PhilAtlas page parsed from 2020 Census table,https://www.philatlas.com/visayas/r08/southern-leyte/sogod.html,2020
Southern Leyte,Sogod,San Isidro,1157,,PhilAtlas page parsed from 2020 Census table,https://www.philatlas.com/visayas/r08/southern-leyte/sogod.html,2020
Southern Leyte,Sogod,San Jose,1528,,PhilAtlas page parsed from 2020 Census table,https://www.philatlas.com/visayas/r08/southern-leyte/sogod.html,2020
Southern Leyte,Sogod,San Juan,723,,PhilAtlas page parsed from 2020 Census table,https://www.philatlas.com/visayas/r08/southern-leyte/sogod.html,2020
Southern Leyte,Sogod,San Miguel,1969,,PhilAtlas page parsed from 2020 Census table,https://www.philatlas.com/visayas/r08/southern-leyte/sogod.html,2020
Southern Leyte,Sogod,San Pedro,2172,,PhilAtlas page parsed from 2020 Census table,https://www.philatlas.com/visayas/r08/southern-leyte/sogod.html,2020
Southern Leyte,Sogod,San Roque,1735,,PhilAtlas page parsed from 2020 Census table,https://www.philatlas.com/visayas/r08/southern-leyte/sogod.html,2020
Southern Leyte,Sogod,San Vicente,205,,PhilAtlas page parsed from 2020 Census table,https://www.philatlas.com/visayas/r08/southern-leyte/sogod.html,2020
Southern Leyte,Sogod,Santa Maria,200,,PhilAtlas page parsed from 2020 Census table,https://www.philatlas.com/visayas/r08/southern-leyte/sogod.html,2020
Southern Leyte,Sogod,Suba,1272,,PhilAtlas page parsed from 2020 Census table,https://www.philatlas.com/visayas/r08/southern-leyte/sogod.html,2020
Southern Leyte,Sogod,Tampoong,2100,,PhilAtlas page parsed from 2020 Census table,https://www.philatlas.com/visayas/r08/southern-leyte/sogod.html,2020
Southern Leyte,Sogod,Zone I,1641,,PhilAtlas page parsed from 2020 Census table,https://www.philatlas.com/visayas/r08/southern-leyte/sogod.html,2020
Southern Leyte,Sogod,Zone II,846,,PhilAtlas page parsed from 2020 Census table,https://www.philatlas.com/visayas/r08/southern-leyte/sogod.html,2020
Southern Leyte,Sogod,Zone III,2174,,PhilAtlas page parsed from 2020 Census table,https://www.philatlas.com/visayas/r08/southern-leyte/sogod.html,2020
Southern Leyte,Sogod,Zone IV,406,,PhilAtlas page parsed from 2020 Census table,https://www.philatlas.com/visayas/r08/southern-leyte/sogod.html,2020
Southern Leyte,Sogod,Zone V,4426,,PhilAtlas page parsed from 2020 Census table,https://www.philatlas.com/visayas/r08/southern-leyte/sogod.html,2020
Southern Leyte,Tomas Oppus,Anahawan,425,,PhilAtlas page parsed from 2020 Census table,https://www.philatlas.com/visayas/r08/southern-leyte/tomas-oppus.html,2020
Southern Leyte,Tomas Oppus,Banday,568,,PhilAtlas page parsed from 2020 Census table,https://www.philatlas.com/visayas/r08/southern-leyte/tomas-oppus.html,2020
Southern Leyte,Tomas Oppus,Biasong,261,,PhilAtlas page parsed from 2020 Census table,https://www.philatlas.com/visayas/r08/southern-leyte/tomas-oppus.html,2020
Southern Leyte,Tomas Oppus,Bogo,1022,,PhilAtlas page parsed from 2020 Census table,https://www.philatlas.com/visayas/r08/southern-leyte/tomas-oppus.html,2020
Southern Leyte,Tomas Oppus,Cabascan,371,,PhilAtlas page parsed from 2020 Census table,https://www.philatlas.com/visayas/r08/southern-leyte/tomas-oppus.html,2020
Southern Leyte,Tomas Oppus,Camansi,382,,PhilAtlas page parsed from 2020 Census table,https://www.philatlas.com/visayas/r08/southern-leyte/tomas-oppus.html,2020
Southern Leyte,Tomas Oppus,Cambite,821,,PhilAtlas page parsed from 2020 Census table,https://www.philatlas.com/visayas/r08/southern-leyte/tomas-oppus.html,2020
Southern Leyte,Tomas Oppus,Canlupao,695,,PhilAtlas page parsed from 2020 Census table,https://www.philatlas.com/visayas/r08/southern-leyte/tomas-oppus.html,2020
Southern Leyte,Tomas Oppus,Carnaga,446,,PhilAtlas page parsed from 2020 Census table,https://www.philatlas.com/visayas/r08/southern-leyte/tomas-oppus.html,2020
Southern Leyte,Tomas Oppus,Cawayan,795,,PhilAtlas page parsed from 2020 Census table,https://www.philatlas.com/visayas/r08/southern-leyte/tomas-oppus.html,2020
Southern Leyte,Tomas Oppus,Higosoan,345,,PhilAtlas page parsed from 2020 Census table,https://www.philatlas.com/visayas/r08/southern-leyte/tomas-oppus.html,2020
Southern Leyte,Tomas Oppus,Hinagtikan,394,,PhilAtlas page parsed from 2020 Census table,https://www.philatlas.com/visayas/r08/southern-leyte/tomas-oppus.html,2020
Southern Leyte,Tomas Oppus,Hinapo,623,,PhilAtlas page parsed from 2020 Census table,https://www.philatlas.com/visayas/r08/southern-leyte/tomas-oppus.html,2020
Southern Leyte,Tomas Oppus,Hugpa,338,,PhilAtlas page parsed from 2020 Census table,https://www.philatlas.com/visayas/r08/southern-leyte/tomas-oppus.html,2020
Southern Leyte,Tomas Oppus,Iniguihan Poblacion,441,,PhilAtlas page parsed from 2020 Census table,https://www.philatlas.com/visayas/r08/southern-leyte/tomas-oppus.html,2020
Southern Leyte,Tomas Oppus,Looc,942,,PhilAtlas page parsed from 2020 Census table,https://www.philatlas.com/visayas/r08/southern-leyte/tomas-oppus.html,2020
Southern Leyte,Tomas Oppus,Luan,186,,PhilAtlas page parsed from 2020 Census table,https://www.philatlas.com/visayas/r08/southern-leyte/tomas-oppus.html,2020
Southern Leyte,Tomas Oppus,Maanyag,578,,PhilAtlas page parsed from 2020 Census table,https://www.philatlas.com/visayas/r08/southern-leyte/tomas-oppus.html,2020
Southern Leyte,Tomas Oppus,Mag-ata,329,,PhilAtlas page parsed from 2020 Census table,https://www.philatlas.com/visayas/r08/southern-leyte/tomas-oppus.html,2020
Southern Leyte,Tomas Oppus,Mapgap,425,,PhilAtlas page parsed from 2020 Census table,https://www.philatlas.com/visayas/r08/southern-leyte/tomas-oppus.html,2020
Southern Leyte,Tomas Oppus,Maslog,892,,PhilAtlas page parsed from 2020 Census table,https://www.philatlas.com/visayas/r08/southern-leyte/tomas-oppus.html,2020
Southern Leyte,Tomas Oppus,Ponong,479,,PhilAtlas page parsed from 2020 Census table,https://www.philatlas.com/visayas/r08/southern-leyte/tomas-oppus.html,2020
Southern Leyte,Tomas Oppus,Rizal,748,,PhilAtlas page parsed from 2020 Census table,https://www.philatlas.com/visayas/r08/southern-leyte/tomas-oppus.html,2020
Southern Leyte,Tomas Oppus,San Agustin,623,,PhilAtlas page parsed from 2020 Census table,https://www.philatlas.com/visayas/r08/southern-leyte/tomas-oppus.html,2020
Southern Leyte,Tomas Oppus,San Antonio,604,,PhilAtlas page parsed from 2020 Census table,https://www.philatlas.com/visayas/r08/southern-leyte/tomas-oppus.html,2020
Southern Leyte,Tomas Oppus,San Isidro,1286,,PhilAtlas page parsed from 2020 Census table,https://www.philatlas.com/visayas/r08/southern-leyte/tomas-oppus.html,2020
Southern Leyte,Tomas Oppus,San Miguel,407,,PhilAtlas page parsed from 2020 Census table,https://www.philatlas.com/visayas/r08/southern-leyte/tomas-oppus.html,2020
Southern Leyte,Tomas Oppus,San Roque,343,,PhilAtlas page parsed from 2020 Census table,https://www.philatlas.com/visayas/r08/southern-leyte/tomas-oppus.html,2020
Southern Leyte,Tomas Oppus,Tinago,1221,,PhilAtlas page parsed from 2020 Census table,https://www.philatlas.com/visayas/r08/southern-leyte/tomas-oppus.html,2020
